가스가마이신,살균제
다조멧,살균제
디메토모르프,살균제
디비이디시,살균제
디에토펜카브,살균제
디티아논,살균제
디페노코나졸,살균제
마이클로뷰타닐,살균제
만디프로파미드,살균제
만코제브,살균제
메탈락실,살균제
메트라페논,살균제
메트코나졸,살균제
메피람,살균제
메파니피림,살균제
메프로닐,살균제
멥틸디노캅,살균제
바실루스서브틸리스,살균제
발리다마이신에이,살균제
베노밀,살균제
벤티아발리카브아이소프로필,살균제
보스칼리드,살균제
비터타놀,살균제
사이목사닐,살균제
스트렙토마이신,살균제
시메코나졸,살균제
아메톡트라딘,살균제
아미설브롬,살균제
아족시스트로빈,살균제
에디펜포스,살균제
에타복삼,살균제
에트리디아졸,살균제
오리사스트로빈,살균제
옥신코퍼,살균제
이미녹타딘트리아세테이트,살균제
아이소프로티올레인,살균제
옥시구리,살균제
옥신코퍼,살균제
이프로디온,살균제
이프로벤포스,살균제
카벤다짐,살균제
카복신,살균제
캡탄,살균제
코퍼하이드록사이드,살균제
크레속심메틸,살균제
클로르탈로닐,살균제
테부코나졸,살균제
테클로프탈람,살균제
트리사이클라졸,살균제
트리아디메놀,살균제
트리포린,살균제
티람,살균제
티오파네이트메틸,살균제
티플루자마이드,살균제
페나리몰,살균제
페녹사닐,살균제
펜뷰코나졸,살균제
펜헥사미드,살균제
프로베나졸,살균제
프로클로라즈,살균제
프로피네브,살균제
프탈라이드,살균제
플루설파마이드,살균제
플루아지남,살균제
플록사피록사드,살균제
피리메타닐,살균제
피콕시스트로빈,살균제
헥사코나졸,살균제
노발루론,살충제
다이아지논,살충제
델타메트린,살충제
디노테퓨란,살충제
디메토에이트,살충제
디플루벤주론,살충제
람다사이할로트린,살충제
레피멘틴,살충제
메타플루미존,살충제
메톡시페노자이드,살충제
메틸브로마이드,살충제
밀베멕틴,살충제
모나크로스포륨타우마슘,살충제
베타사이플루트린,살충제
벤퓨라카브,살충제
뷰프로페진,살충제
벤설탑,살충제
뷰베리아바시아나티비아이,살충제
비스트리플루론,살충제
비티아이자와이,살충제
비티크루스타키,살충제
비페나제이트,살충제
비펜트린,살충제
사이안트라닐리프롤,살충제
사이에노피라펜,살충제
사이퍼메트린,살충제
사이헥사틴,살충제
스피노사드,살충제
스피로메시펜,살충제
아미트라즈,살충제
아바멕틴,살충제
아세퀴노실,살충제
아세타미프리드,살충제
아세페이트,살충제
아조사이클로틴,살충제
아진포스메틸,살충제
알파사이퍼메트린,살충제
아바멕틴벤조에이트,살충제
에토펜프록스,살충제
에토프로포스,살충제
에톡사졸,살충제
이미다클로프리드,살충제
인독사카브,살충제
제타사이퍼메트린,살충제
카두사포스,살충제
카바릴,살충제
카보퓨란,살충제
카보설판,살충제
카탑하이드로콜로라이드,살충제
크로마페노자이드,살충제
클로란트라닐리프롤,살충제
클로르페나피르,살충제
클로티아니딘,살충제
터브포스,살충제
테부노자이드,살충제
테부펜피라드,살충제
테플루벤주론,살충제
티오디카브,살충제
티아메톡삼,살충제
티아클로프리드,살충제
페노뷰카브,살충제
페니트로티온,살충제
펜토에이트,살충제
펜티온,살충제
펜발러레이트,살충제
포레이트,살충제
포스마미돈,살충제
포스티아제이트,살충제
피라클로포스,살충제
피메트로진,살충제
폭심,살충제
헥시티아족스,살충제
글리포세이트,제초제
글루포시네이트암모늄,제초제
나프로파마이드,제초제
니콜설퓨론,제초제
다이뮤론,제초제
디메타메트린,제초제
디티오피르,제초제
디캄바,제초제
디클로베닐,제초제
디티오피르,제초제
리뉴론,제초제
림설퓨론,제초제
메소트리온,제초제
메코프로프,제초제
메타벤즈티아주론,제초제
메톨라클로르,제초제
메트리뷰진,제초제
메페나셋,제초제
벤설퓨론메닐,제초제
벤조비사이클론,제초제
벤설퓨론,제초제
벤타존,제초제
벤퓨러세이트,제초제
뷰타클로르,제초제
벤플루랄린,제초제
브로모뷰타이드,제초제
비페녹스,제초제
비스피리박소듐,제초제
아슐람소듐,제초제
아이속바벤,제초제
아짐설퓨론,제초제
이짐설퓨론,제초제
알라클로르,제초제
에스메톨라클로르,제초제
에탈플루랄린,제초제
오리잘린,제초제
옥사디아존,제초제
옥시플루오르펜,제초제
이마자퀸,제초제
이마조설퓨론,제초제
"2,4-D",제초제
"2,4-DP",제초제
MCPA,제초제
MCPB,제초제
MCPP,제초제
클레토딤,제초제
틀로마존,제초제
카펜트라존에틸,제초제
테퓨릴트리온,제초제
트리클로피르티이에이,제초제
트리플루랄린,제초제
티오벤카브,제초제
티펜설퓨론메틸,제초제
페녹슐람,제초제
펜디메탈린,제초제
펜톡사존,제초제
펜트라자마이드,제초제
포람설퓨론,제초제
프레틸라클로르,제초제
피라조설퓨론에틸,제초제
피라졸레이트,제초제
피리벤족심,제초제
플루미옥사진,제초제
PCP,제초제
할로설퓨론메틸,제초제
할록시포프,제초제
헥사지논,제초제
